Workbook
Name BaselineOverhead: Inputs!$B$22
Name Label_AboveCapacity: Inputs!$A$26
Name Label_AtCapacity: Inputs!$A$27
Name Label_Available: Inputs!$A$29
Name Label_Healthy: Inputs!$A$28
Name Threshold_AboveCapacity: Inputs!$B$26
Name Threshold_AtCapacity: Inputs!$B$27
Name Threshold_Healthy: Inputs!$B$28
Name WeeklyCapHrs: Inputs!$B$16

Sheet Inputs
A1: Activity Effort
A2: Activity | B2: Hrs per Stage | C2: Typical Weeks
A3: Disco | B3: 4 | C3: 1 | D3: Disco
A4: Demo (POM) | B4: 8 | C4: 1.5 | D4: Demo (POM)
A5: PoC (POM) | B5: 20 | C5: 3 | D5: PoC (POM)
A6: Agents Demo | B6: 2 | C6: 1 | D6: Agents Demo
A7: Agents Setup | B7: 10 | C7: 2 | D7: Agents Setup
A8: Agents Readout | B8: 4 | C8: 1 | D8: Agents Readout
A9: RFP | B9: 6 | C9: 2 | D9: RFP
A10: Value Case | B10: 6 | C10: 2 | D10: Value Case
A11: Closing Support | B11: 2 | C11: 1 | D11: Closing Support
A12: Handover | B12: 4 | C12: 1 | D12: Handover
A13: Stalled | D13: Stalled
A14: Capacity Config | D14: Not Started
A15: Input | B15: Value | C15: Description
A16: Weekly Cap (hrs) | B16: 40 | C16: Max hours per FTE per week
A17: Non-Opp Work % | B17: 0.1 | C17: Meetings, enablement, admin
A18: Retention / Churn % | B18: 0.05 | C18: Customer retention work
A19: Calendar Days (Net) | B19: 246 | C19: Working days per year (excl. holidays)
A20: Hours per Day | B20: 8 | C20: Standard work day
A22: Baseline Overhead / Wk | B22: =(B17*B19*B20+B18*B19*B20)/49 -> 6.0244898 | C22: Derived: (Non-Opp + Retention) annual hrs ÷ 49 wks
A24: Status Thresholds
A25: Label | B25: Min Utilization % | C25: Description
A26: OVERLOADED | B26: 1.15 | C26: Utilization above this → OVERLOADED
A27: AT CAPACITY | B27: 0.8 | C27: Utilization above this → AT CAPACITY
A28: HEALTHY | B28: 0.6 | C28: Utilization above this → HEALTHY
A29: AVAILABLE | B29: 0 | C29: Below HEALTHY threshold (implicit floor)
A31: Team Roster
A32: Ninja | B32: Include? | C32: Efficiency Factor | D32: This Wk PTO (hrs) | E32: This Wk Travel (hrs) | F32: Description
A33: Justin Childs | B33: Yes | C33: 1.3 | D33: 0 | E33: 0 | F33: Yes/No, EF, PTO & Travel are editable weekly
A34: Suzi Rodriguez | B34: Yes | C34: 1.2 | D34: 0 | E34: 0
A35: Meredith Campbell | B35: Yes | C35: 1.1 | D35: 0 | E35: 0
A36: Evan Winston | B36: Yes | C36: 1 | D36: 0 | E36: 0
A37: Jose Paez | B37: Yes | C37: 0.7 | D37: 0 | E37: 0
A38: Radha Patel | B38: No | C38: 1 | D38: 0 | E38: 0
A39: Sean Missingham | B39: No | C39: 1 | D39: 0 | E39: 0

Sheet Deals
A1: Ninja (Current) | B1: Account | C1: Opportunity | D1: Deal Category | E1: ACV (EUR) | F1: Sales Stage | G1: Type (NB/Exp) | H1: Quarter | I1: Close Date | J1: AE (Owner) | K1: Status | L1: Activity

Sheet Analysis
A1: Weekly Capacity & Utilization Dashboard
A3: Ninja | B3: Efficiency Factor | C3: This Wk PTO (hrs) | D3: This Wk Travel (hrs) | E3: Wkly Capacity (hrs) | F3: Wkly Demand (hrs) | G3: Utilization | H3: Weekly Buffer (hrs) | I3: Status | J3: Active Opps | K3: Total AEs/CSMs | L3: Stage Breakdown | M3: Active ACV Breakdown | N3: Total Opps Assigned | O3: ACV by Activity
A4: {=IFERROR(INDEX(_xlfn._xlws.FILTER(Inputs!$A$33:$A$39,Inputs!$B$33:$B$39="Yes"),1),"")} -> Justin Childs | B4: =IF(A4="","",VLOOKUP(A4,Inputs!$A$33:$E$39,3,FALSE)) -> 1.3 | C4: =IF(A4="","",VLOOKUP(A4,Inputs!$A$33:$E$39,4,FALSE)) -> 0 | D4: =IF(A4="","",VLOOKUP(A4,Inputs!$A$33:$E$39,5,FALSE)) -> 0 | E4: =IF(A4="","",MAX((WeeklyCapHrs-BaselineOverhead-C4-D4)*B4,0)) -> 44.168163 | F4: {=IF(A4="","",SUMPRODUCT((Deals!$A$2:$A$1000=A4)*(Deals!$K$2:$K$1000="Active")*IFERROR(INDEX(Inputs!$B$3:$B$12,MATCH(Deals!$L$2:$L$1000,Inputs!$A$3:$A$12,0))/INDEX(Inputs!$C$3:$C$12,MATCH(Deals!$L$2:$L$1000,Inputs!$A$3:$A$12,0)),0)))} -> 0 | G4: =IF(A4="","",IF(E4>0,F4/E4,"")) -> 0 | H4: =IF(A4="","",IF(E4>0,E4-F4,"")) -> 44.168163 | I4: =IF(A4="","",IF(E4=0,"INACTIVE",IF(G4>Threshold_AboveCapacity,Label_AboveCapacity,IF(G4>Threshold_AtCapacity,Label_AtCapacity,IF(G4>Threshold_Healthy,Label_Healthy,Label_Available))))) -> AVAILABLE | J4: {=IF(A4="","",SUMPRODUCT((Deals!$A$2:$A$1000=A4)*(Deals!$K$2:$K$1000="Active")))} -> 0 | K4: {=IF(A4="","",SUMPRODUCT(((Deals!$A$2:$A$1000=A4)*(Deals!$K$2:$K$1000="Active"))/IF((Deals!$A$2:$A$1000=A4)*(Deals!$K$2:$K$1000="Active"),COUNTIFS(Deals!$J$2:$J$1000,Deals!$J$2:$J$1000,Deals!$A$2:$A$1000,A4,Deals!$K$2:$K$1000,"Active"),1)))} -> 0 | L4: {=IF(A4="","",_xlfn.TEXTJOIN(", ",TRUE,IF(COUNTIFS(Deals!$A$2:$A$1000,A4,Deals!$K$2:$K$1000,"Active",Deals!$L$2:$L$1000,Inputs!$A$3:$A$12)>0,COUNTIFS(Deals!$A$2:$A$1000,A4,Deals!$K$2:$K$1000,"Active",Deals!$L$2:$L$1000,Inputs!$A$3:$A$12)&" "&Inputs!$A$3:$A$12,"")))} | M4: {=IF(A4="","",IF(SUMPRODUCT((Deals!$A$2:$A$1000=A4)*(Deals!$K$2:$K$1000="Active")*Deals!$E$2:$E$1000)=0,"",IF(SUMPRODUCT((Deals!$A$2:$A$1000=A4)*(Deals!$K$2:$K$1000="Active")*Deals!$E$2:$E$1000)>=1000000,TEXT(SUMPRODUCT((Deals!$A$2:$A$1000=A4)*(Deals!$K$2:$K$1000="Active")*Deals!$E$2:$E$1000)/1000000,"0.0")&"M",TEXT(SUMPRODUCT((Deals!$A$2:$A$1000=A4)*(Deals!$K$2:$K$1000="Active")*Deals!$E$2:$E$1000)/1000,"0")&"K")&" total"&CHAR(10)&"["&_xlfn.TEXTJOIN(", ",TRUE,IF(SUMPRODUCT((Deals!$A$2:$A$1000=A4)*(Deals!$K$2:$K$1000="Active")*(Deals!$G$2:$G$1000="NB")*Deals!$E$2:$E$1000)>0,IF(SUMPRODUCT((Deals!$A$2:$A$1000=A4)*(Deals!$K$2:$K$1000="Active")*(Deals!$G$2:$G$1000="NB")*Deals!$E$2:$E$1000)>=1000000,TEXT(SUMPRODUCT((Deals!$A$2:$A$1000=A4)*(Deals!$K$2:$K$1000="Active")*(Deals!$G$2:$G$1000="NB")*Deals!$E$2:$E$1000)/1000000,"0.0")&"M NB",TEXT(SUMPRODUCT((Deals!$A$2:$A$1000=A4)*(Deals!$K$2:$K$1000="Active")*(Deals!$G$2:$G$1000="NB")*Deals!$E$2:$E$1000)/1000,"0")&"K NB"),""),IF(SUMPRODUCT((Deals!$A$2:$A$1000=A4)*(Deals!$K$2:$K$1000="Active")*(Deals!$G$2:$G$1000="Exp")*Deals!$E$2:$E$1000)>0,IF(SUMPRODUCT((Deals!$A$2:$A$1000=A4)*(Deals!$K$2:$K$1000="Active")*(Deals!$G$2:$G$1000="Exp")*Deals!$E$2:$E$1000)>=1000000,TEXT(SUMPRODUCT((Deals!$A$2:$A$1000=A4)*(Deals!$K$2:$K$1000="Active")*(Deals!$G$2:$G$1000="Exp")*Deals!$E$2:$E$1000)/1000000,"0.0")&"M Exp",TEXT(SUMPRODUCT((Deals!$A$2:$A$1000=A4)*(Deals!$K$2:$K$1000="Active")*(Deals!$G$2:$G$1000="Exp")*Deals!$E$2:$E$1000)/1000,"0")&"K Exp"),""))&"]"))} | N4: {=IF(A4="","",COUNTIF(Deals!$A$2:$A$1000,A4)&" opps"&CHAR(10)&IF(SUMPRODUCT((Deals!$A$2:$A$1000=A4)*Deals!$E$2:$E$1000)>=1000000,TEXT(SUMPRODUCT((Deals!$A$2:$A$1000=A4)*Deals!$E$2:$E$1000)/1000000,"0.0")&"M",TEXT(SUMPRODUCT((Deals!$A$2:$A$1000=A4)*Deals!$E$2:$E$1000)/1000,"0")&"K")&" total ACV")} -> 0 opps 0K total ACV | O4: {=IF(A4="","",_xlfn.TEXTJOIN(", ",TRUE,IF(SUMIFS(Deals!$E$2:$E$1000,Deals!$A$2:$A$1000,A4,Deals!$K$2:$K$1000,"Active",Deals!$L$2:$L$1000,Inputs!$A$3:$A$12)>0,IF(SUMIFS(Deals!$E$2:$E$1000,Deals!$A$2:$A$1000,A4,Deals!$K$2:$K$1000,"Active",Deals!$L$2:$L$1000,Inputs!$A$3:$A$12)>=1000000,TEXT(SUMIFS(Deals!$E$2:$E$1000,Deals!$A$2:$A$1000,A4,Deals!$K$2:$K$1000,"Active",Deals!$L$2:$L$1000,Inputs!$A$3:$A$12)/1000000,"0.0")&"M "&Inputs!$A$3:$A$12,TEXT(SUMIFS(Deals!$E$2:$E$1000,Deals!$A$2:$A$1000,A4,Deals!$K$2:$K$1000,"Active",Deals!$L$2:$L$1000,Inputs!$A$3:$A$12)/1000,"0")&"K "&Inputs!$A$3:$A$12),"")))}
A5: {=IFERROR(INDEX(_xlfn._xlws.FILTER(Inputs!$A$33:$A$39,Inputs!$B$33:$B$39="Yes"),2),"")} -> Suzi Rodriguez | B5: =IF(A5="","",VLOOKUP(A5,Inputs!$A$33:$E$39,3,FALSE)) -> 1.2 | C5: =IF(A5="","",VLOOKUP(A5,Inputs!$A$33:$E$39,4,FALSE)) -> 0 | D5: =IF(A5="","",VLOOKUP(A5,Inputs!$A$33:$E$39,5,FALSE)) -> 0 | E5: =IF(A5="","",MAX((WeeklyCapHrs-BaselineOverhead-C5-D5)*B5,0)) -> 40.770612 | F5: {=IF(A5="","",SUMPRODUCT((Deals!$A$2:$A$1000=A5)*(Deals!$K$2:$K$1000="Active")*IFERROR(INDEX(Inputs!$B$3:$B$12,MATCH(Deals!$L$2:$L$1000,Inputs!$A$3:$A$12,0))/INDEX(Inputs!$C$3:$C$12,MATCH(Deals!$L$2:$L$1000,Inputs!$A$3:$A$12,0)),0)))} -> 0 | G5: =IF(A5="","",IF(E5>0,F5/E5,"")) -> 0 | H5: =IF(A5="","",IF(E5>0,E5-F5,"")) -> 40.770612 | I5: =IF(A5="","",IF(E5=0,"INACTIVE",IF(G5>Threshold_AboveCapacity,Label_AboveCapacity,IF(G5>Threshold_AtCapacity,Label_AtCapacity,IF(G5>Threshold_Healthy,Label_Healthy,Label_Available))))) -> AVAILABLE | J5: {=IF(A5="","",SUMPRODUCT((Deals!$A$2:$A$1000=A5)*(Deals!$K$2:$K$1000="Active")))} -> 0 | K5: {=IF(A5="","",SUMPRODUCT(((Deals!$A$2:$A$1000=A5)*(Deals!$K$2:$K$1000="Active"))/IF((Deals!$A$2:$A$1000=A5)*(Deals!$K$2:$K$1000="Active"),COUNTIFS(Deals!$J$2:$J$1000,Deals!$J$2:$J$1000,Deals!$A$2:$A$1000,A5,Deals!$K$2:$K$1000,"Active"),1)))} -> 0 | L5: {=IF(A5="","",_xlfn.TEXTJOIN(", ",TRUE,IF(COUNTIFS(Deals!$A$2:$A$1000,A5,Deals!$K$2:$K$1000,"Active",Deals!$L$2:$L$1000,Inputs!$A$3:$A$12)>0,COUNTIFS(Deals!$A$2:$A$1000,A5,Deals!$K$2:$K$1000,"Active",Deals!$L$2:$L$1000,Inputs!$A$3:$A$12)&" "&Inputs!$A$3:$A$12,"")))} | M5: {=IF(A5="","",IF(SUMPRODUCT((Deals!$A$2:$A$1000=A5)*(Deals!$K$2:$K$1000="Active")*Deals!$E$2:$E$1000)=0,"",IF(SUMPRODUCT((Deals!$A$2:$A$1000=A5)*(Deals!$K$2:$K$1000="Active")*Deals!$E$2:$E$1000)>=1000000,TEXT(SUMPRODUCT((Deals!$A$2:$A$1000=A5)*(Deals!$K$2:$K$1000="Active")*Deals!$E$2:$E$1000)/1000000,"0.0")&"M",TEXT(SUMPRODUCT((Deals!$A$2:$A$1000=A5)*(Deals!$K$2:$K$1000="Active")*Deals!$E$2:$E$1000)/1000,"0")&"K")&" total"&CHAR(10)&"["&_xlfn.TEXTJOIN(", ",TRUE,IF(SUMPRODUCT((Deals!$A$2:$A$1000=A5)*(Deals!$K$2:$K$1000="Active")*(Deals!$G$2:$G$1000="NB")*Deals!$E$2:$E$1000)>0,IF(SUMPRODUCT((Deals!$A$2:$A$1000=A5)*(Deals!$K$2:$K$1000="Active")*(Deals!$G$2:$G$1000="NB")*Deals!$E$2:$E$1000)>=1000000,TEXT(SUMPRODUCT((Deals!$A$2:$A$1000=A5)*(Deals!$K$2:$K$1000="Active")*(Deals!$G$2:$G$1000="NB")*Deals!$E$2:$E$1000)/1000000,"0.0")&"M NB",TEXT(SUMPRODUCT((Deals!$A$2:$A$1000=A5)*(Deals!$K$2:$K$1000="Active")*(Deals!$G$2:$G$1000="NB")*Deals!$E$2:$E$1000)/1000,"0")&"K NB"),""),IF(SUMPRODUCT((Deals!$A$2:$A$1000=A5)*(Deals!$K$2:$K$1000="Active")*(Deals!$G$2:$G$1000="Exp")*Deals!$E$2:$E$1000)>0,IF(SUMPRODUCT((Deals!$A$2:$A$1000=A5)*(Deals!$K$2:$K$1000="Active")*(Deals!$G$2:$G$1000="Exp")*Deals!$E$2:$E$1000)>=1000000,TEXT(SUMPRODUCT((Deals!$A$2:$A$1000=A5)*(Deals!$K$2:$K$1000="Active")*(Deals!$G$2:$G$1000="Exp")*Deals!$E$2:$E$1000)/1000000,"0.0")&"M Exp",TEXT(SUMPRODUCT((Deals!$A$2:$A$1000=A5)*(Deals!$K$2:$K$1000="Active")*(Deals!$G$2:$G$1000="Exp")*Deals!$E$2:$E$1000)/1000,"0")&"K Exp"),""))&"]"))} | N5: {=IF(A5="","",COUNTIF(Deals!$A$2:$A$1000,A5)&" opps"&CHAR(10)&IF(SUMPRODUCT((Deals!$A$2:$A$1000=A5)*Deals!$E$2:$E$1000)>=1000000,TEXT(SUMPRODUCT((Deals!$A$2:$A$1000=A5)*Deals!$E$2:$E$1000)/1000000,"0.0")&"M",TEXT(SUMPRODUCT((Deals!$A$2:$A$1000=A5)*Deals!$E$2:$E$1000)/1000,"0")&"K")&" total ACV")} -> 0 opps 0K total ACV | O5: {=IF(A5="","",_xlfn.TEXTJOIN(", ",TRUE,IF(SUMIFS(Deals!$E$2:$E$1000,Deals!$A$2:$A$1000,A5,Deals!$K$2:$K$1000,"Active",Deals!$L$2:$L$1000,Inputs!$A$3:$A$12)>0,IF(SUMIFS(Deals!$E$2:$E$1000,Deals!$A$2:$A$1000,A5,Deals!$K$2:$K$1000,"Active",Deals!$L$2:$L$1000,Inputs!$A$3:$A$12)>=1000000,TEXT(SUMIFS(Deals!$E$2:$E$1000,Deals!$A$2:$A$1000,A5,Deals!$K$2:$K$1000,"Active",Deals!$L$2:$L$1000,Inputs!$A$3:$A$12)/1000000,"0.0")&"M "&Inputs!$A$3:$A$12,TEXT(SUMIFS(Deals!$E$2:$E$1000,Deals!$A$2:$A$1000,A5,Deals!$K$2:$K$1000,"Active",Deals!$L$2:$L$1000,Inputs!$A$3:$A$12)/1000,"0")&"K "&Inputs!$A$3:$A$12),"")))}
A6: {=IFERROR(INDEX(_xlfn._xlws.FILTER(Inputs!$A$33:$A$39,Inputs!$B$33:$B$39="Yes"),3),"")} -> Meredith Campbell | B6: =IF(A6="","",VLOOKUP(A6,Inputs!$A$33:$E$39,3,FALSE)) -> 1.1 | C6: =IF(A6="","",VLOOKUP(A6,Inputs!$A$33:$E$39,4,FALSE)) -> 0 | D6: =IF(A6="","",VLOOKUP(A6,Inputs!$A$33:$E$39,5,FALSE)) -> 0 | E6: =IF(A6="","",MAX((WeeklyCapHrs-BaselineOverhead-C6-D6)*B6,0)) -> 37.373061 | F6: {=IF(A6="","",SUMPRODUCT((Deals!$A$2:$A$1000=A6)*(Deals!$K$2:$K$1000="Active")*IFERROR(INDEX(Inputs!$B$3:$B$12,MATCH(Deals!$L$2:$L$1000,Inputs!$A$3:$A$12,0))/INDEX(Inputs!$C$3:$C$12,MATCH(Deals!$L$2:$L$1000,Inputs!$A$3:$A$12,0)),0)))} -> 0 | G6: =IF(A6="","",IF(E6>0,F6/E6,"")) -> 0 | H6: =IF(A6="","",IF(E6>0,E6-F6,"")) -> 37.373061 | I6: =IF(A6="","",IF(E6=0,"INACTIVE",IF(G6>Threshold_AboveCapacity,Label_AboveCapacity,IF(G6>Threshold_AtCapacity,Label_AtCapacity,IF(G6>Threshold_Healthy,Label_Healthy,Label_Available))))) -> AVAILABLE | J6: {=IF(A6="","",SUMPRODUCT((Deals!$A$2:$A$1000=A6)*(Deals!$K$2:$K$1000="Active")))} -> 0 | K6: {=IF(A6="","",SUMPRODUCT(((Deals!$A$2:$A$1000=A6)*(Deals!$K$2:$K$1000="Active"))/IF((Deals!$A$2:$A$1000=A6)*(Deals!$K$2:$K$1000="Active"),COUNTIFS(Deals!$J$2:$J$1000,Deals!$J$2:$J$1000,Deals!$A$2:$A$1000,A6,Deals!$K$2:$K$1000,"Active"),1)))} -> 0 | L6: {=IF(A6="","",_xlfn.TEXTJOIN(", ",TRUE,IF(COUNTIFS(Deals!$A$2:$A$1000,A6,Deals!$K$2:$K$1000,"Active",Deals!$L$2:$L$1000,Inputs!$A$3:$A$12)>0,COUNTIFS(Deals!$A$2:$A$1000,A6,Deals!$K$2:$K$1000,"Active",Deals!$L$2:$L$1000,Inputs!$A$3:$A$12)&" "&Inputs!$A$3:$A$12,"")))} | M6: {=IF(A6="","",IF(SUMPRODUCT((Deals!$A$2:$A$1000=A6)*(Deals!$K$2:$K$1000="Active")*Deals!$E$2:$E$1000)=0,"",IF(SUMPRODUCT((Deals!$A$2:$A$1000=A6)*(Deals!$K$2:$K$1000="Active")*Deals!$E$2:$E$1000)>=1000000,TEXT(SUMPRODUCT((Deals!$A$2:$A$1000=A6)*(Deals!$K$2:$K$1000="Active")*Deals!$E$2:$E$1000)/1000000,"0.0")&"M",TEXT(SUMPRODUCT((Deals!$A$2:$A$1000=A6)*(Deals!$K$2:$K$1000="Active")*Deals!$E$2:$E$1000)/1000,"0")&"K")&" total"&CHAR(10)&"["&_xlfn.TEXTJOIN(", ",TRUE,IF(SUMPRODUCT((Deals!$A$2:$A$1000=A6)*(Deals!$K$2:$K$1000="Active")*(Deals!$G$2:$G$1000="NB")*Deals!$E$2:$E$1000)>0,IF(SUMPRODUCT((Deals!$A$2:$A$1000=A6)*(Deals!$K$2:$K$1000="Active")*(Deals!$G$2:$G$1000="NB")*Deals!$E$2:$E$1000)>=1000000,TEXT(SUMPRODUCT((Deals!$A$2:$A$1000=A6)*(Deals!$K$2:$K$1000="Active")*(Deals!$G$2:$G$1000="NB")*Deals!$E$2:$E$1000)/1000000,"0.0")&"M NB",TEXT(SUMPRODUCT((Deals!$A$2:$A$1000=A6)*(Deals!$K$2:$K$1000="Active")*(Deals!$G$2:$G$1000="NB")*Deals!$E$2:$E$1000)/1000,"0")&"K NB"),""),IF(SUMPRODUCT((Deals!$A$2:$A$1000=A6)*(Deals!$K$2:$K$1000="Active")*(Deals!$G$2:$G$1000="Exp")*Deals!$E$2:$E$1000)>0,IF(SUMPRODUCT((Deals!$A$2:$A$1000=A6)*(Deals!$K$2:$K$1000="Active")*(Deals!$G$2:$G$1000="Exp")*Deals!$E$2:$E$1000)>=1000000,TEXT(SUMPRODUCT((Deals!$A$2:$A$1000=A6)*(Deals!$K$2:$K$1000="Active")*(Deals!$G$2:$G$1000="Exp")*Deals!$E$2:$E$1000)/1000000,"0.0")&"M Exp",TEXT(SUMPRODUCT((Deals!$A$2:$A$1000=A6)*(Deals!$K$2:$K$1000="Active")*(Deals!$G$2:$G$1000="Exp")*Deals!$E$2:$E$1000)/1000,"0")&"K Exp"),""))&"]"))} | N6: {=IF(A6="","",COUNTIF(Deals!$A$2:$A$1000,A6)&" opps"&CHAR(10)&IF(SUMPRODUCT((Deals!$A$2:$A$1000=A6)*Deals!$E$2:$E$1000)>=1000000,TEXT(SUMPRODUCT((Deals!$A$2:$A$1000=A6)*Deals!$E$2:$E$1000)/1000000,"0.0")&"M",TEXT(SUMPRODUCT((Deals!$A$2:$A$1000=A6)*Deals!$E$2:$E$1000)/1000,"0")&"K")&" total ACV")} -> 0 opps 0K total ACV | O6: {=IF(A6="","",_xlfn.TEXTJOIN(", ",TRUE,IF(SUMIFS(Deals!$E$2:$E$1000,Deals!$A$2:$A$1000,A6,Deals!$K$2:$K$1000,"Active",Deals!$L$2:$L$1000,Inputs!$A$3:$A$12)>0,IF(SUMIFS(Deals!$E$2:$E$1000,Deals!$A$2:$A$1000,A6,Deals!$K$2:$K$1000,"Active",Deals!$L$2:$L$1000,Inputs!$A$3:$A$12)>=1000000,TEXT(SUMIFS(Deals!$E$2:$E$1000,Deals!$A$2:$A$1000,A6,Deals!$K$2:$K$1000,"Active",Deals!$L$2:$L$1000,Inputs!$A$3:$A$12)/1000000,"0.0")&"M "&Inputs!$A$3:$A$12,TEXT(SUMIFS(Deals!$E$2:$E$1000,Deals!$A$2:$A$1000,A6,Deals!$K$2:$K$1000,"Active",Deals!$L$2:$L$1000,Inputs!$A$3:$A$12)/1000,"0")&"K "&Inputs!$A$3:$A$12),"")))}
A7: {=IFERROR(INDEX(_xlfn._xlws.FILTER(Inputs!$A$33:$A$39,Inputs!$B$33:$B$39="Yes"),4),"")} -> Evan Winston | B7: =IF(A7="","",VLOOKUP(A7,Inputs!$A$33:$E$39,3,FALSE)) -> 1 | C7: =IF(A7="","",VLOOKUP(A7,Inputs!$A$33:$E$39,4,FALSE)) -> 0 | D7: =IF(A7="","",VLOOKUP(A7,Inputs!$A$33:$E$39,5,FALSE)) -> 0 | E7: =IF(A7="","",MAX((WeeklyCapHrs-BaselineOverhead-C7-D7)*B7,0)) -> 33.97551 | F7: {=IF(A7="","",SUMPRODUCT((Deals!$A$2:$A$1000=A7)*(Deals!$K$2:$K$1000="Active")*IFERROR(INDEX(Inputs!$B$3:$B$12,MATCH(Deals!$L$2:$L$1000,Inputs!$A$3:$A$12,0))/INDEX(Inputs!$C$3:$C$12,MATCH(Deals!$L$2:$L$1000,Inputs!$A$3:$A$12,0)),0)))} -> 0 | G7: =IF(A7="","",IF(E7>0,F7/E7,"")) -> 0 | H7: =IF(A7="","",IF(E7>0,E7-F7,"")) -> 33.97551 | I7: =IF(A7="","",IF(E7=0,"INACTIVE",IF(G7>Threshold_AboveCapacity,Label_AboveCapacity,IF(G7>Threshold_AtCapacity,Label_AtCapacity,IF(G7>Threshold_Healthy,Label_Healthy,Label_Available))))) -> AVAILABLE | J7: {=IF(A7="","",SUMPRODUCT((Deals!$A$2:$A$1000=A7)*(Deals!$K$2:$K$1000="Active")))} -> 0 | K7: {=IF(A7="","",SUMPRODUCT(((Deals!$A$2:$A$1000=A7)*(Deals!$K$2:$K$1000="Active"))/IF((Deals!$A$2:$A$1000=A7)*(Deals!$K$2:$K$1000="Active"),COUNTIFS(Deals!$J$2:$J$1000,Deals!$J$2:$J$1000,Deals!$A$2:$A$1000,A7,Deals!$K$2:$K$1000,"Active"),1)))} -> 0 | L7: {=IF(A7="","",_xlfn.TEXTJOIN(", ",TRUE,IF(COUNTIFS(Deals!$A$2:$A$1000,A7,Deals!$K$2:$K$1000,"Active",Deals!$L$2:$L$1000,Inputs!$A$3:$A$12)>0,COUNTIFS(Deals!$A$2:$A$1000,A7,Deals!$K$2:$K$1000,"Active",Deals!$L$2:$L$1000,Inputs!$A$3:$A$12)&" "&Inputs!$A$3:$A$12,"")))} | M7: {=IF(A7="","",IF(SUMPRODUCT((Deals!$A$2:$A$1000=A7)*(Deals!$K$2:$K$1000="Active")*Deals!$E$2:$E$1000)=0,"",IF(SUMPRODUCT((Deals!$A$2:$A$1000=A7)*(Deals!$K$2:$K$1000="Active")*Deals!$E$2:$E$1000)>=1000000,TEXT(SUMPRODUCT((Deals!$A$2:$A$1000=A7)*(Deals!$K$2:$K$1000="Active")*Deals!$E$2:$E$1000)/1000000,"0.0")&"M",TEXT(SUMPRODUCT((Deals!$A$2:$A$1000=A7)*(Deals!$K$2:$K$1000="Active")*Deals!$E$2:$E$1000)/1000,"0")&"K")&" total"&CHAR(10)&"["&_xlfn.TEXTJOIN(", ",TRUE,IF(SUMPRODUCT((Deals!$A$2:$A$1000=A7)*(Deals!$K$2:$K$1000="Active")*(Deals!$G$2:$G$1000="NB")*Deals!$E$2:$E$1000)>0,IF(SUMPRODUCT((Deals!$A$2:$A$1000=A7)*(Deals!$K$2:$K$1000="Active")*(Deals!$G$2:$G$1000="NB")*Deals!$E$2:$E$1000)>=1000000,TEXT(SUMPRODUCT((Deals!$A$2:$A$1000=A7)*(Deals!$K$2:$K$1000="Active")*(Deals!$G$2:$G$1000="NB")*Deals!$E$2:$E$1000)/1000000,"0.0")&"M NB",TEXT(SUMPRODUCT((Deals!$A$2:$A$1000=A7)*(Deals!$K$2:$K$1000="Active")*(Deals!$G$2:$G$1000="NB")*Deals!$E$2:$E$1000)/1000,"0")&"K NB"),""),IF(SUMPRODUCT((Deals!$A$2:$A$1000=A7)*(Deals!$K$2:$K$1000="Active")*(Deals!$G$2:$G$1000="Exp")*Deals!$E$2:$E$1000)>0,IF(SUMPRODUCT((Deals!$A$2:$A$1000=A7)*(Deals!$K$2:$K$1000="Active")*(Deals!$G$2:$G$1000="Exp")*Deals!$E$2:$E$1000)>=1000000,TEXT(SUMPRODUCT((Deals!$A$2:$A$1000=A7)*(Deals!$K$2:$K$1000="Active")*(Deals!$G$2:$G$1000="Exp")*Deals!$E$2:$E$1000)/1000000,"0.0")&"M Exp",TEXT(SUMPRODUCT((Deals!$A$2:$A$1000=A7)*(Deals!$K$2:$K$1000="Active")*(Deals!$G$2:$G$1000="Exp")*Deals!$E$2:$E$1000)/1000,"0")&"K Exp"),""))&"]"))} | N7: {=IF(A7="","",COUNTIF(Deals!$A$2:$A$1000,A7)&" opps"&CHAR(10)&IF(SUMPRODUCT((Deals!$A$2:$A$1000=A7)*Deals!$E$2:$E$1000)>=1000000,TEXT(SUMPRODUCT((Deals!$A$2:$A$1000=A7)*Deals!$E$2:$E$1000)/1000000,"0.0")&"M",TEXT(SUMPRODUCT((Deals!$A$2:$A$1000=A7)*Deals!$E$2:$E$1000)/1000,"0")&"K")&" total ACV")} -> 0 opps 0K total ACV | O7: {=IF(A7="","",_xlfn.TEXTJOIN(", ",TRUE,IF(SUMIFS(Deals!$E$2:$E$1000,Deals!$A$2:$A$1000,A7,Deals!$K$2:$K$1000,"Active",Deals!$L$2:$L$1000,Inputs!$A$3:$A$12)>0,IF(SUMIFS(Deals!$E$2:$E$1000,Deals!$A$2:$A$1000,A7,Deals!$K$2:$K$1000,"Active",Deals!$L$2:$L$1000,Inputs!$A$3:$A$12)>=1000000,TEXT(SUMIFS(Deals!$E$2:$E$1000,Deals!$A$2:$A$1000,A7,Deals!$K$2:$K$1000,"Active",Deals!$L$2:$L$1000,Inputs!$A$3:$A$12)/1000000,"0.0")&"M "&Inputs!$A$3:$A$12,TEXT(SUMIFS(Deals!$E$2:$E$1000,Deals!$A$2:$A$1000,A7,Deals!$K$2:$K$1000,"Active",Deals!$L$2:$L$1000,Inputs!$A$3:$A$12)/1000,"0")&"K "&Inputs!$A$3:$A$12),"")))}
A8: {=IFERROR(INDEX(_xlfn._xlws.FILTER(Inputs!$A$33:$A$39,Inputs!$B$33:$B$39="Yes"),5),"")} -> Jose Paez | B8: =IF(A8="","",VLOOKUP(A8,Inputs!$A$33:$E$39,3,FALSE)) -> 0.7 | C8: =IF(A8="","",VLOOKUP(A8,Inputs!$A$33:$E$39,4,FALSE)) -> 0 | D8: =IF(A8="","",VLOOKUP(A8,Inputs!$A$33:$E$39,5,FALSE)) -> 0 | E8: =IF(A8="","",MAX((WeeklyCapHrs-BaselineOverhead-C8-D8)*B8,0)) -> 23.782857 | F8: {=IF(A8="","",SUMPRODUCT((Deals!$A$2:$A$1000=A8)*(Deals!$K$2:$K$1000="Active")*IFERROR(INDEX(Inputs!$B$3:$B$12,MATCH(Deals!$L$2:$L$1000,Inputs!$A$3:$A$12,0))/INDEX(Inputs!$C$3:$C$12,MATCH(Deals!$L$2:$L$1000,Inputs!$A$3:$A$12,0)),0)))} -> 0 | G8: =IF(A8="","",IF(E8>0,F8/E8,"")) -> 0 | H8: =IF(A8="","",IF(E8>0,E8-F8,"")) -> 23.782857 | I8: =IF(A8="","",IF(E8=0,"INACTIVE",IF(G8>Threshold_AboveCapacity,Label_AboveCapacity,IF(G8>Threshold_AtCapacity,Label_AtCapacity,IF(G8>Threshold_Healthy,Label_Healthy,Label_Available))))) -> AVAILABLE | J8: {=IF(A8="","",SUMPRODUCT((Deals!$A$2:$A$1000=A8)*(Deals!$K$2:$K$1000="Active")))} -> 0 | K8: {=IF(A8="","",SUMPRODUCT(((Deals!$A$2:$A$1000=A8)*(Deals!$K$2:$K$1000="Active"))/IF((Deals!$A$2:$A$1000=A8)*(Deals!$K$2:$K$1000="Active"),COUNTIFS(Deals!$J$2:$J$1000,Deals!$J$2:$J$1000,Deals!$A$2:$A$1000,A8,Deals!$K$2:$K$1000,"Active"),1)))} -> 0 | L8: {=IF(A8="","",_xlfn.TEXTJOIN(", ",TRUE,IF(COUNTIFS(Deals!$A$2:$A$1000,A8,Deals!$K$2:$K$1000,"Active",Deals!$L$2:$L$1000,Inputs!$A$3:$A$12)>0,COUNTIFS(Deals!$A$2:$A$1000,A8,Deals!$K$2:$K$1000,"Active",Deals!$L$2:$L$1000,Inputs!$A$3:$A$12)&" "&Inputs!$A$3:$A$12,"")))} | M8: {=IF(A8="","",IF(SUMPRODUCT((Deals!$A$2:$A$1000=A8)*(Deals!$K$2:$K$1000="Active")*Deals!$E$2:$E$1000)=0,"",IF(SUMPRODUCT((Deals!$A$2:$A$1000=A8)*(Deals!$K$2:$K$1000="Active")*Deals!$E$2:$E$1000)>=1000000,TEXT(SUMPRODUCT((Deals!$A$2:$A$1000=A8)*(Deals!$K$2:$K$1000="Active")*Deals!$E$2:$E$1000)/1000000,"0.0")&"M",TEXT(SUMPRODUCT((Deals!$A$2:$A$1000=A8)*(Deals!$K$2:$K$1000="Active")*Deals!$E$2:$E$1000)/1000,"0")&"K")&" total"&CHAR(10)&"["&_xlfn.TEXTJOIN(", ",TRUE,IF(SUMPRODUCT((Deals!$A$2:$A$1000=A8)*(Deals!$K$2:$K$1000="Active")*(Deals!$G$2:$G$1000="NB")*Deals!$E$2:$E$1000)>0,IF(SUMPRODUCT((Deals!$A$2:$A$1000=A8)*(Deals!$K$2:$K$1000="Active")*(Deals!$G$2:$G$1000="NB")*Deals!$E$2:$E$1000)>=1000000,TEXT(SUMPRODUCT((Deals!$A$2:$A$1000=A8)*(Deals!$K$2:$K$1000="Active")*(Deals!$G$2:$G$1000="NB")*Deals!$E$2:$E$1000)/1000000,"0.0")&"M NB",TEXT(SUMPRODUCT((Deals!$A$2:$A$1000=A8)*(Deals!$K$2:$K$1000="Active")*(Deals!$G$2:$G$1000="NB")*Deals!$E$2:$E$1000)/1000,"0")&"K NB"),""),IF(SUMPRODUCT((Deals!$A$2:$A$1000=A8)*(Deals!$K$2:$K$1000="Active")*(Deals!$G$2:$G$1000="Exp")*Deals!$E$2:$E$1000)>0,IF(SUMPRODUCT((Deals!$A$2:$A$1000=A8)*(Deals!$K$2:$K$1000="Active")*(Deals!$G$2:$G$1000="Exp")*Deals!$E$2:$E$1000)>=1000000,TEXT(SUMPRODUCT((Deals!$A$2:$A$1000=A8)*(Deals!$K$2:$K$1000="Active")*(Deals!$G$2:$G$1000="Exp")*Deals!$E$2:$E$1000)/1000000,"0.0")&"M Exp",TEXT(SUMPRODUCT((Deals!$A$2:$A$1000=A8)*(Deals!$K$2:$K$1000="Active")*(Deals!$G$2:$G$1000="Exp")*Deals!$E$2:$E$1000)/1000,"0")&"K Exp"),""))&"]"))} | N8: {=IF(A8="","",COUNTIF(Deals!$A$2:$A$1000,A8)&" opps"&CHAR(10)&IF(SUMPRODUCT((Deals!$A$2:$A$1000=A8)*Deals!$E$2:$E$1000)>=1000000,TEXT(SUMPRODUCT((Deals!$A$2:$A$1000=A8)*Deals!$E$2:$E$1000)/1000000,"0.0")&"M",TEXT(SUMPRODUCT((Deals!$A$2:$A$1000=A8)*Deals!$E$2:$E$1000)/1000,"0")&"K")&" total ACV")} -> 0 opps 0K total ACV | O8: {=IF(A8="","",_xlfn.TEXTJOIN(", ",TRUE,IF(SUMIFS(Deals!$E$2:$E$1000,Deals!$A$2:$A$1000,A8,Deals!$K$2:$K$1000,"Active",Deals!$L$2:$L$1000,Inputs!$A$3:$A$12)>0,IF(SUMIFS(Deals!$E$2:$E$1000,Deals!$A$2:$A$1000,A8,Deals!$K$2:$K$1000,"Active",Deals!$L$2:$L$1000,Inputs!$A$3:$A$12)>=1000000,TEXT(SUMIFS(Deals!$E$2:$E$1000,Deals!$A$2:$A$1000,A8,Deals!$K$2:$K$1000,"Active",Deals!$L$2:$L$1000,Inputs!$A$3:$A$12)/1000000,"0.0")&"M "&Inputs!$A$3:$A$12,TEXT(SUMIFS(Deals!$E$2:$E$1000,Deals!$A$2:$A$1000,A8,Deals!$K$2:$K$1000,"Active",Deals!$L$2:$L$1000,Inputs!$A$3:$A$12)/1000,"0")&"K "&Inputs!$A$3:$A$12),"")))}
A9: {=IFERROR(INDEX(_xlfn._xlws.FILTER(Inputs!$A$33:$A$39,Inputs!$B$33:$B$39="Yes"),6),"")} | B9: =IF(A9="","",VLOOKUP(A9,Inputs!$A$33:$E$39,3,FALSE)) | C9: =IF(A9="","",VLOOKUP(A9,Inputs!$A$33:$E$39,4,FALSE)) | D9: =IF(A9="","",VLOOKUP(A9,Inputs!$A$33:$E$39,5,FALSE)) | E9: =IF(A9="","",MAX((WeeklyCapHrs-BaselineOverhead-C9-D9)*B9,0)) | F9: {=IF(A9="","",SUMPRODUCT((Deals!$A$2:$A$1000=A9)*(Deals!$K$2:$K$1000="Active")*IFERROR(INDEX(Inputs!$B$3:$B$12,MATCH(Deals!$L$2:$L$1000,Inputs!$A$3:$A$12,0))/INDEX(Inputs!$C$3:$C$12,MATCH(Deals!$L$2:$L$1000,Inputs!$A$3:$A$12,0)),0)))} | G9: =IF(A9="","",IF(E9>0,F9/E9,"")) | H9: =IF(A9="","",IF(E9>0,E9-F9,"")) | I9: =IF(A9="","",IF(E9=0,"INACTIVE",IF(G9>Threshold_AboveCapacity,Label_AboveCapacity,IF(G9>Threshold_AtCapacity,Label_AtCapacity,IF(G9>Threshold_Healthy,Label_Healthy,Label_Available))))) | J9: {=IF(A9="","",SUMPRODUCT((Deals!$A$2:$A$1000=A9)*(Deals!$K$2:$K$1000="Active")))} | K9: {=IF(A9="","",SUMPRODUCT(((Deals!$A$2:$A$1000=A9)*(Deals!$K$2:$K$1000="Active"))/IF((Deals!$A$2:$A$1000=A9)*(Deals!$K$2:$K$1000="Active"),COUNTIFS(Deals!$J$2:$J$1000,Deals!$J$2:$J$1000,Deals!$A$2:$A$1000,A9,Deals!$K$2:$K$1000,"Active"),1)))} | L9: {=IF(A9="","",_xlfn.TEXTJOIN(", ",TRUE,IF(COUNTIFS(Deals!$A$2:$A$1000,A9,Deals!$K$2:$K$1000,"Active",Deals!$L$2:$L$1000,Inputs!$A$3:$A$12)>0,COUNTIFS(Deals!$A$2:$A$1000,A9,Deals!$K$2:$K$1000,"Active",Deals!$L$2:$L$1000,Inputs!$A$3:$A$12)&" "&Inputs!$A$3:$A$12,"")))} | M9: {=IF(A9="","",IF(SUMPRODUCT((Deals!$A$2:$A$1000=A9)*(Deals!$K$2:$K$1000="Active")*Deals!$E$2:$E$1000)=0,"",IF(SUMPRODUCT((Deals!$A$2:$A$1000=A9)*(Deals!$K$2:$K$1000="Active")*Deals!$E$2:$E$1000)>=1000000,TEXT(SUMPRODUCT((Deals!$A$2:$A$1000=A9)*(Deals!$K$2:$K$1000="Active")*Deals!$E$2:$E$1000)/1000000,"0.0")&"M",TEXT(SUMPRODUCT((Deals!$A$2:$A$1000=A9)*(Deals!$K$2:$K$1000="Active")*Deals!$E$2:$E$1000)/1000,"0")&"K")&" total"&CHAR(10)&"["&_xlfn.TEXTJOIN(", ",TRUE,IF(SUMPRODUCT((Deals!$A$2:$A$1000=A9)*(Deals!$K$2:$K$1000="Active")*(Deals!$G$2:$G$1000="NB")*Deals!$E$2:$E$1000)>0,IF(SUMPRODUCT((Deals!$A$2:$A$1000=A9)*(Deals!$K$2:$K$1000="Active")*(Deals!$G$2:$G$1000="NB")*Deals!$E$2:$E$1000)>=1000000,TEXT(SUMPRODUCT((Deals!$A$2:$A$1000=A9)*(Deals!$K$2:$K$1000="Active")*(Deals!$G$2:$G$1000="NB")*Deals!$E$2:$E$1000)/1000000,"0.0")&"M NB",TEXT(SUMPRODUCT((Deals!$A$2:$A$1000=A9)*(Deals!$K$2:$K$1000="Active")*(Deals!$G$2:$G$1000="NB")*Deals!$E$2:$E$1000)/1000,"0")&"K NB"),""),IF(SUMPRODUCT((Deals!$A$2:$A$1000=A9)*(Deals!$K$2:$K$1000="Active")*(Deals!$G$2:$G$1000="Exp")*Deals!$E$2:$E$1000)>0,IF(SUMPRODUCT((Deals!$A$2:$A$1000=A9)*(Deals!$K$2:$K$1000="Active")*(Deals!$G$2:$G$1000="Exp")*Deals!$E$2:$E$1000)>=1000000,TEXT(SUMPRODUCT((Deals!$A$2:$A$1000=A9)*(Deals!$K$2:$K$1000="Active")*(Deals!$G$2:$G$1000="Exp")*Deals!$E$2:$E$1000)/1000000,"0.0")&"M Exp",TEXT(SUMPRODUCT((Deals!$A$2:$A$1000=A9)*(Deals!$K$2:$K$1000="Active")*(Deals!$G$2:$G$1000="Exp")*Deals!$E$2:$E$1000)/1000,"0")&"K Exp"),""))&"]"))} | N9: {=IF(A9="","",COUNTIF(Deals!$A$2:$A$1000,A9)&" opps"&CHAR(10)&IF(SUMPRODUCT((Deals!$A$2:$A$1000=A9)*Deals!$E$2:$E$1000)>=1000000,TEXT(SUMPRODUCT((Deals!$A$2:$A$1000=A9)*Deals!$E$2:$E$1000)/1000000,"0.0")&"M",TEXT(SUMPRODUCT((Deals!$A$2:$A$1000=A9)*Deals!$E$2:$E$1000)/1000,"0")&"K")&" total ACV")} | O9: {=IF(A9="","",_xlfn.TEXTJOIN(", ",TRUE,IF(SUMIFS(Deals!$E$2:$E$1000,Deals!$A$2:$A$1000,A9,Deals!$K$2:$K$1000,"Active",Deals!$L$2:$L$1000,Inputs!$A$3:$A$12)>0,IF(SUMIFS(Deals!$E$2:$E$1000,Deals!$A$2:$A$1000,A9,Deals!$K$2:$K$1000,"Active",Deals!$L$2:$L$1000,Inputs!$A$3:$A$12)>=1000000,TEXT(SUMIFS(Deals!$E$2:$E$1000,Deals!$A$2:$A$1000,A9,Deals!$K$2:$K$1000,"Active",Deals!$L$2:$L$1000,Inputs!$A$3:$A$12)/1000000,"0.0")&"M "&Inputs!$A$3:$A$12,TEXT(SUMIFS(Deals!$E$2:$E$1000,Deals!$A$2:$A$1000,A9,Deals!$K$2:$K$1000,"Active",Deals!$L$2:$L$1000,Inputs!$A$3:$A$12)/1000,"0")&"K "&Inputs!$A$3:$A$12),"")))}
A10: {=IFERROR(INDEX(_xlfn._xlws.FILTER(Inputs!$A$33:$A$39,Inputs!$B$33:$B$39="Yes"),7),"")} | B10: =IF(A10="","",VLOOKUP(A10,Inputs!$A$33:$E$39,3,FALSE)) | C10: =IF(A10="","",VLOOKUP(A10,Inputs!$A$33:$E$39,4,FALSE)) | D10: =IF(A10="","",VLOOKUP(A10,Inputs!$A$33:$E$39,5,FALSE)) | E10: =IF(A10="","",MAX((WeeklyCapHrs-BaselineOverhead-C10-D10)*B10,0)) | F10: {=IF(A10="","",SUMPRODUCT((Deals!$A$2:$A$1000=A10)*(Deals!$K$2:$K$1000="Active")*IFERROR(INDEX(Inputs!$B$3:$B$12,MATCH(Deals!$L$2:$L$1000,Inputs!$A$3:$A$12,0))/INDEX(Inputs!$C$3:$C$12,MATCH(Deals!$L$2:$L$1000,Inputs!$A$3:$A$12,0)),0)))} | G10: =IF(A10="","",IF(E10>0,F10/E10,"")) | H10: =IF(A10="","",IF(E10>0,E10-F10,"")) | I10: =IF(A10="","",IF(E10=0,"INACTIVE",IF(G10>Threshold_AboveCapacity,Label_AboveCapacity,IF(G10>Threshold_AtCapacity,Label_AtCapacity,IF(G10>Threshold_Healthy,Label_Healthy,Label_Available))))) | J10: {=IF(A10="","",SUMPRODUCT((Deals!$A$2:$A$1000=A10)*(Deals!$K$2:$K$1000="Active")))} | K10: {=IF(A10="","",SUMPRODUCT(((Deals!$A$2:$A$1000=A10)*(Deals!$K$2:$K$1000="Active"))/IF((Deals!$A$2:$A$1000=A10)*(Deals!$K$2:$K$1000="Active"),COUNTIFS(Deals!$J$2:$J$1000,Deals!$J$2:$J$1000,Deals!$A$2:$A$1000,A10,Deals!$K$2:$K$1000,"Active"),1)))} | L10: {=IF(A10="","",_xlfn.TEXTJOIN(", ",TRUE,IF(COUNTIFS(Deals!$A$2:$A$1000,A10,Deals!$K$2:$K$1000,"Active",Deals!$L$2:$L$1000,Inputs!$A$3:$A$12)>0,COUNTIFS(Deals!$A$2:$A$1000,A10,Deals!$K$2:$K$1000,"Active",Deals!$L$2:$L$1000,Inputs!$A$3:$A$12)&" "&Inputs!$A$3:$A$12,"")))} | M10: {=IF(A10="","",IF(SUMPRODUCT((Deals!$A$2:$A$1000=A10)*(Deals!$K$2:$K$1000="Active")*Deals!$E$2:$E$1000)=0,"",IF(SUMPRODUCT((Deals!$A$2:$A$1000=A10)*(Deals!$K$2:$K$1000="Active")*Deals!$E$2:$E$1000)>=1000000,TEXT(SUMPRODUCT((Deals!$A$2:$A$1000=A10)*(Deals!$K$2:$K$1000="Active")*Deals!$E$2:$E$1000)/1000000,"0.0")&"M",TEXT(SUMPRODUCT((Deals!$A$2:$A$1000=A10)*(Deals!$K$2:$K$1000="Active")*Deals!$E$2:$E$1000)/1000,"0")&"K")&" total"&CHAR(10)&"["&_xlfn.TEXTJOIN(", ",TRUE,IF(SUMPRODUCT((Deals!$A$2:$A$1000=A10)*(Deals!$K$2:$K$1000="Active")*(Deals!$G$2:$G$1000="NB")*Deals!$E$2:$E$1000)>0,IF(SUMPRODUCT((Deals!$A$2:$A$1000=A10)*(Deals!$K$2:$K$1000="Active")*(Deals!$G$2:$G$1000="NB")*Deals!$E$2:$E$1000)>=1000000,TEXT(SUMPRODUCT((Deals!$A$2:$A$1000=A10)*(Deals!$K$2:$K$1000="Active")*(Deals!$G$2:$G$1000="NB")*Deals!$E$2:$E$1000)/1000000,"0.0")&"M NB",TEXT(SUMPRODUCT((Deals!$A$2:$A$1000=A10)*(Deals!$K$2:$K$1000="Active")*(Deals!$G$2:$G$1000="NB")*Deals!$E$2:$E$1000)/1000,"0")&"K NB"),""),IF(SUMPRODUCT((Deals!$A$2:$A$1000=A10)*(Deals!$K$2:$K$1000="Active")*(Deals!$G$2:$G$1000="Exp")*Deals!$E$2:$E$1000)>0,IF(SUMPRODUCT((Deals!$A$2:$A$1000=A10)*(Deals!$K$2:$K$1000="Active")*(Deals!$G$2:$G$1000="Exp")*Deals!$E$2:$E$1000)>=1000000,TEXT(SUMPRODUCT((Deals!$A$2:$A$1000=A10)*(Deals!$K$2:$K$1000="Active")*(Deals!$G$2:$G$1000="Exp")*Deals!$E$2:$E$1000)/1000000,"0.0")&"M Exp",TEXT(SUMPRODUCT((Deals!$A$2:$A$1000=A10)*(Deals!$K$2:$K$1000="Active")*(Deals!$G$2:$G$1000="Exp")*Deals!$E$2:$E$1000)/1000,"0")&"K Exp"),""))&"]"))} | N10: {=IF(A10="","",COUNTIF(Deals!$A$2:$A$1000,A10)&" opps"&CHAR(10)&IF(SUMPRODUCT((Deals!$A$2:$A$1000=A10)*Deals!$E$2:$E$1000)>=1000000,TEXT(SUMPRODUCT((Deals!$A$2:$A$1000=A10)*Deals!$E$2:$E$1000)/1000000,"0.0")&"M",TEXT(SUMPRODUCT((Deals!$A$2:$A$1000=A10)*Deals!$E$2:$E$1000)/1000,"0")&"K")&" total ACV")} | O10: {=IF(A10="","",_xlfn.TEXTJOIN(", ",TRUE,IF(SUMIFS(Deals!$E$2:$E$1000,Deals!$A$2:$A$1000,A10,Deals!$K$2:$K$1000,"Active",Deals!$L$2:$L$1000,Inputs!$A$3:$A$12)>0,IF(SUMIFS(Deals!$E$2:$E$1000,Deals!$A$2:$A$1000,A10,Deals!$K$2:$K$1000,"Active",Deals!$L$2:$L$1000,Inputs!$A$3:$A$12)>=1000000,TEXT(SUMIFS(Deals!$E$2:$E$1000,Deals!$A$2:$A$1000,A10,Deals!$K$2:$K$1000,"Active",Deals!$L$2:$L$1000,Inputs!$A$3:$A$12)/1000000,"0.0")&"M "&Inputs!$A$3:$A$12,TEXT(SUMIFS(Deals!$E$2:$E$1000,Deals!$A$2:$A$1000,A10,Deals!$K$2:$K$1000,"Active",Deals!$L$2:$L$1000,Inputs!$A$3:$A$12)/1000,"0")&"K "&Inputs!$A$3:$A$12),"")))}
A11: TEAM TOTAL | B11: =SUM(B4:B10) -> 5.3 | C11: =SUM(C4:C10) -> 0 | D11: =SUM(D4:D10) -> 0 | E11: =SUM(E4:E10) -> 180.0702 | F11: =SUM(F4:F10) -> 0 | G11: =IF(E11>0,F11/E11,"") -> 0 | H11: =IF(E11>0,E11-F11,"") -> 180.0702 | I11: =IF(E11=0,"INACTIVE",IF(G11>Threshold_AboveCapacity,Label_AboveCapacity,IF(G11>Threshold_AtCapacity,Label_AtCapacity,IF(G11>Threshold_Healthy,Label_Healthy,Label_Available)))) -> AVAILABLE | J11: =SUM(J4:J10) -> 0 | K11: {=ROUNDUP(SUM(K4:K10)/SUMPRODUCT((LEN(A4:A10)>0)*1),0)&":1"} -> 0:1 | L11: {=_xlfn.TEXTJOIN(", ",TRUE,IF(COUNTIFS(Deals!$K$2:$K$1000,"Active",Deals!$L$2:$L$1000,Inputs!$A$3:$A$12)>0,COUNTIFS(Deals!$K$2:$K$1000,"Active",Deals!$L$2:$L$1000,Inputs!$A$3:$A$12)&" "&Inputs!$A$3:$A$12,""))} | M11: {=IF(SUMPRODUCT((Deals!$K$2:$K$1000="Active")*Deals!$E$2:$E$1000)=0,"",IF(SUMPRODUCT((Deals!$K$2:$K$1000="Active")*Deals!$E$2:$E$1000)>=1000000,TEXT(SUMPRODUCT((Deals!$K$2:$K$1000="Active")*Deals!$E$2:$E$1000)/1000000,"0.0")&"M",TEXT(SUMPRODUCT((Deals!$K$2:$K$1000="Active")*Deals!$E$2:$E$1000)/1000,"0")&"K")&" total"&CHAR(10)&"["&_xlfn.TEXTJOIN(", ",TRUE,IF(SUMPRODUCT((Deals!$K$2:$K$1000="Active")*(Deals!$G$2:$G$1000="NB")*Deals!$E$2:$E$1000)>0,IF(SUMPRODUCT((Deals!$K$2:$K$1000="Active")*(Deals!$G$2:$G$1000="NB")*Deals!$E$2:$E$1000)>=1000000,TEXT(SUMPRODUCT((Deals!$K$2:$K$1000="Active")*(Deals!$G$2:$G$1000="NB")*Deals!$E$2:$E$1000)/1000000,"0.0")&"M NB",TEXT(SUMPRODUCT((Deals!$K$2:$K$1000="Active")*(Deals!$G$2:$G$1000="NB")*Deals!$E$2:$E$1000)/1000,"0")&"K NB"),""),IF(SUMPRODUCT((Deals!$K$2:$K$1000="Active")*(Deals!$G$2:$G$1000="Exp")*Deals!$E$2:$E$1000)>0,IF(SUMPRODUCT((Deals!$K$2:$K$1000="Active")*(Deals!$G$2:$G$1000="Exp")*Deals!$E$2:$E$1000)>=1000000,TEXT(SUMPRODUCT((Deals!$K$2:$K$1000="Active")*(Deals!$G$2:$G$1000="Exp")*Deals!$E$2:$E$1000)/1000000,"0.0")&"M Exp",TEXT(SUMPRODUCT((Deals!$K$2:$K$1000="Active")*(Deals!$G$2:$G$1000="Exp")*Deals!$E$2:$E$1000)/1000,"0")&"K Exp"),""))&"]")} | N11: =COUNTA(Deals!$A$2:$A$1000)&" opps"&CHAR(10)&IF(SUM(Deals!$E$2:$E$1000)>=1000000,TEXT(SUM(Deals!$E$2:$E$1000)/1000000,"0.0")&"M",TEXT(SUM(Deals!$E$2:$E$1000)/1000,"0")&"K")&" total ACV" -> 0 opps 0K total ACV | O11: {=_xlfn.TEXTJOIN(", ",TRUE,IF(SUMIFS(Deals!$E$2:$E$1000,Deals!$K$2:$K$1000,"Active",Deals!$L$2:$L$1000,Inputs!$A$3:$A$12)>0,IF(SUMIFS(Deals!$E$2:$E$1000,Deals!$K$2:$K$1000,"Active",Deals!$L$2:$L$1000,Inputs!$A$3:$A$12)>=1000000,TEXT(SUMIFS(Deals!$E$2:$E$1000,Deals!$K$2:$K$1000,"Active",Deals!$L$2:$L$1000,Inputs!$A$3:$A$12)/1000000,"0.0")&"M "&Inputs!$A$3:$A$12,TEXT(SUMIFS(Deals!$E$2:$E$1000,Deals!$K$2:$K$1000,"Active",Deals!$L$2:$L$1000,Inputs!$A$3:$A$12)/1000,"0")&"K "&Inputs!$A$3:$A$12),""))}
